Designator,Val,Package,Mid X,Mid Y,Rotation,Layer
C1,1uF,C_0805_2012Metric_Pad1.15x1.40mm_HandSolder,-138.001,-101.00092,90,bottom
C2,10nF,C_0805_2012Metric_Pad1.15x1.40mm_HandSolder,-136.001,-101.00092,90,bottom
C3,4.7uF,C_0805_2012Metric_Pad1.15x1.40mm_HandSolder,-130.001,-101.00092,90,bottom
C4,0.1uF,C_0805_2012Metric_Pad1.15x1.40mm_HandSolder,-130.001,-93.00092,90,bottom
C5,0.1uF,C_0805_2012Metric_Pad1.15x1.40mm_HandSolder,-148.001,-101.00092,90,bottom
R1,2.2k,R_0805_2012Metric_Pad1.15x1.40mm_HandSolder,-140.501,-93.00092,90,bottom
R2,2.2k,R_0805_2012Metric_Pad1.15x1.40mm_HandSolder,-138.501,-93.00092,90,bottom
R3,2.2k,R_0805_2012Metric_Pad1.15x1.40mm_HandSolder,-140.251,-101.00092,90,bottom
U1,LP2985-3.0,SOT-23-5,-133.001,-101.00092,270,bottom
U2,PCA9536D,SOIC-8_3.9x4.9mm_P1.27mm,-134.001,-93.00092,270,bottom
U3,DS2484,SOIC-8_3.9x4.9mm_P1.27mm,-144.251,-101.00092,270,bottom
